mode,use_log_target,model,cv_mae,cv_rmse,cv_r2,train_mae,train_rmse,train_r2,test_mae,test_rmse,test_r2
FAST,True,RandomForest_OPT_FAST,29.684609185730338,92.37835640625276,0.36946577838362954,5.548728181352737,18.522103292229275,0.9815299308012234,75.28712306942965,170.87471350968087,0.5817875190596999
FAST,True,GradientBoosting_OPT_FAST,19.204214216402864,78.53875584202561,0.46905829368414936,1.373437449946759,7.479677387762562,0.9969880091262154,64.25909915308074,157.67563385200887,0.6439011577188265
FAST,True,ExtraTrees_OPT_FAST,27.538077717788422,96.4034828408921,0.3378828782960519,4.856988255083973,18.278363544815655,0.9820128423634026,67.52347728939384,168.61702714223148,0.5927657968110374
